itemType,title
acbk,Any day now David Bowie the London years 1947 1974
acbk,Bowie a biography
acbk,Bowie album by album
acbk,Bowie loving the alien
acbk,Bowie the biography
acbk,Bowiestyle
acbk,complete David Bowie
acbk,David Bowie is the subject
acbk,David Bowie starman
acbk,man who sold the world David Bowie and the 1970s
acbk,rise and fall of Ziggy Stardust and the Spiders from Mars David Bowie
accd,Aladdin sane
accd,Best of Bowie
accd,Bowie at the Beeb the best of the BBC radio sessions 68 72
accd,Bowie the biography
accd,ChangesBowie
accd,David live
accd,Diamond dogs
accd,Earthling
accd,Heathen
accd,Heroes
accd,Hunky dory
accd,Lets dance
accd,Live Santa Monica 72
accd,Lodger
accd,Low
accd,man who sold the world
accd,next day
accd,Nothing has changed
accd,Outside
accd,Pinups
accd,Reality
accd,reality tour
accd,rise and fall of Ziggy Stardust and the spiders from Mars
accd,Scary monsters
accd,Sound vision
accd,Space oddity
accd,Stage
accd,Station to station
accd,Tonight
accd,VH1 storytellers
accd,Young Americans